id	effect	rawPval	adjPval	logAdjPval
P-hsa04014-103	-4.164256265169653	3.123691151207808e-5	0.02930022299832924	3.5301601521235986
P-hsa04213-54	-4.484828611012947	7.297256521709983e-6	0.013689653234727928	4.291114969825235
P-hsa04630-1	-3.799613168876013	1.4492212224936907e-4	0.037024880668523386	3.2961651418308113
P-hsa04630-30	-3.7783220447248276	1.5788861692334066e-4	0.037024880668523386	3.2961651418308113
P-hsa04630-36	-4.005228256743224	6.195762372684932e-5	0.03307640900302555	3.408934969645835
P-hsa04668-120	3.949183275941121	7.841829465049521e-5	0.03307640900302555	3.408934969645835
P-hsa05152-69	3.921069745527254	8.815674041318111e-5	0.03307640900302555	3.408934969645835
P-hsa05211-12	-3.782135353100062	1.5548877079307744e-4	0.037024880668523386	3.2961651418308113
